{
  "accuracy": 0.7393781153572276,
  "auc": 0.8116823089137597,
  "f1": 0.7391923990498812,
  "n_features": 32
}