{
  "accuracy": 0.7407925407925408,
  "auc": 0.8200381848462627,
  "f1": 0.7299660029140359,
  "n_features": 32
}